study,domain,sub_domain,source,metric,atlas,table_name,table_label,name,label,instruction,header,note,unit,type_var,type_data,type_level,type_field,order_display,branching_logic,label_es,instruction_es,header_es,note_es,table_nda,table_nda_5_0,table_redcap,name_nda,name_deap,name_redcap,name_redcap_exp,url_table,url_warn_use,url_warn_data,url_table_warn_use,url_table_warn_data,url_docs_score,name_stata,identifier_columns,order_sort
Core,Neurocognition,Task,Youth,,,nc_y_nihtb,NIH Toolbox [Youth],nc_y_nihtb__comp__cryst__agecorr_score,NIH Toolbox: Crystallized composite - Age-corrected standard score,,,,,summary score,double,interval,,,,,,,,abcd_tbss01,nc_y_nihtb,,nihtbx_cryst_agecorrected,,,,https://data.abcdstudy.org/reports/abcd-docs-next/documentation/non_imaging/nc.html#nc_y_nihtb,,,,,,nc_y_nihtb_0005,participant_id | session_id,5
Core,Neurocognition,Task,Youth,,,nc_y_nihtb,NIH Toolbox [Youth],nc_y_nihtb__comp__fluid__agecorr_score,NIH Toolbox: Cognition fluid composite - Age-corrected standard score,,,,,summary score,double,interval,,,,,,,,abcd_tbss01,nc_y_nihtb,,nihtbx_fluidcomp_agecorrected,,,,https://data.abcdstudy.org/reports/abcd-docs-next/documentation/non_imaging/nc.html#nc_y_nihtb,,,,,,nc_y_nihtb_0009,participant_id | session_id,9
Core,Neurocognition,Task,Youth,,,nc_y_nihtb,NIH Toolbox [Youth],nc_y_nihtb__comp__tot__agecor_score,NIH Toolbox: Cognition total composite - Age-corrected standard score,,,,,summary score,double,interval,,,,,,,,abcd_tbss01,nc_y_nihtb,,nihtbx_totalcomp_agecorrected,,,,https://data.abcdstudy.org/reports/abcd-docs-next/documentation/non_imaging/nc.html#nc_y_nihtb,,,,,,nc_y_nihtb_0013,participant_id | session_id,13
Core,Neurocognition,Task,Youth,,,nc_y_nihtb,NIH Toolbox [Youth],nc_y_nihtb__crdst__agecorr_score,Dimensional Change Card Sort Task (NIH Toolbox): Age-Corrected Standard Score,,,,,summary score,double,interval,,,,,,,,abcd_tbss01,nc_y_nihtb,,nihtbx_cardsort_agecorrected,,,,https://data.abcdstudy.org/reports/abcd-docs-next/documentation/non_imaging/nc.html#nc_y_nihtb,,,,,,nc_y_nihtb_0028,participant_id | session_id,28
Core,Neurocognition,Task,Youth,,,nc_y_nihtb,NIH Toolbox [Youth],nc_y_nihtb__readr__agecor_score,Oral Reading Recognition Task (NIH Toolbox): Age-Corrected Standard Score,,,,,summary score,double,interval,,,,,,,,abcd_tbss01,nc_y_nihtb,,nihtbx_reading_agecorrected,,,,https://data.abcdstudy.org/reports/abcd-docs-next/documentation/non_imaging/nc.html#nc_y_nihtb,,,,,,nc_y_nihtb_0136,participant_id | session_id,136
Core,Neurocognition,Task,Youth,,,nc_y_nihtb,NIH Toolbox [Youth],nc_y_nihtb__flnkr__agecor_score,Flanker Inhibitory Control and Attention Task (NIH Toolbox): Age-Corrected Standard Score,,,,,summary score,double,interval,,,,,,,,abcd_tbss01,nc_y_nihtb,,nihtbx_flanker_agecorrected,,,,https://data.abcdstudy.org/reports/abcd-docs-next/documentation/non_imaging/nc.html#nc_y_nihtb,,,,,,nc_y_nihtb_0046,participant_id | session_id,46
Core,Neurocognition,Task,Youth,,,nc_y_nihtb,NIH Toolbox [Youth],nc_y_nihtb__lswmt__agecor_score,List Sorting Working Memory Task (NIH Toolbox): Age-Corrected Standard Score,,,,,summary score,double,interval,,,,,,,,abcd_tbss01,nc_y_nihtb,,nihtbx_list_agecorrected,,,,https://data.abcdstudy.org/reports/abcd-docs-next/documentation/non_imaging/nc.html#nc_y_nihtb,,,,,,nc_y_nihtb_0064,participant_id | session_id,64
Core,Neurocognition,Task,Youth,,,nc_y_nihtb,NIH Toolbox [Youth],nc_y_nihtb__picsq__agecor_score,Picture Sequence Memory Task (NIH Toolbox): Age-Corrected Standard Score,,,,,summary score,double,interval,,,,,,,,abcd_tbss01,nc_y_nihtb,,nihtbx_picture_agecorrected,,,,https://data.abcdstudy.org/reports/abcd-docs-next/documentation/non_imaging/nc.html#nc_y_nihtb,,,,,,nc_y_nihtb_0081,participant_id | session_id,81
Core,Neurocognition,Task,Youth,,,nc_y_nihtb,NIH Toolbox [Youth],nc_y_nihtb__picvcb__agecor_score,Picture Vocabulary Task (NIH Toolbox): Age-Corrected Standard Score,,,,,summary score,double,interval,,,,,,,,abcd_tbss01,nc_y_nihtb,,nihtbx_picvocab_agecorrected,,,,https://data.abcdstudy.org/reports/abcd-docs-next/documentation/non_imaging/nc.html#nc_y_nihtb,,,,,,nc_y_nihtb_0100,participant_id | session_id,100
Core,Novel Technologies,Screen Use,Parent,,,nt_p_yst,Screen Time Questionnaire [Parent],nt_p_yst__screen__wknd_sum,Youth Screen time [Parent] (weekend): Sum,,,,,summary score,double,ratio,,,,,,,,,,,,,,,https://data.abcdstudy.org/reports/abcd-docs-next/documentation/non_imaging/nt.html#nt_p_yst,,,,,https://data.abcdstudy.org/reports/ABCDscores-future/reference/compute_nt_p_yst__screen__wknd_sum.html,nt_p_yst_0054,participant_id | session_id,54
Core,Novel Technologies,Screen Use,Parent,,,nt_p_yst,Screen Time Questionnaire [Parent],nt_p_yst__screen__wkdy_sum,Youth Screen time [Parent] (weekday): Sum,,,,,summary score,double,ratio,,,,,,,,,,,,,,,https://data.abcdstudy.org/reports/abcd-docs-next/documentation/non_imaging/nt.html#nt_p_yst,,,,,https://data.abcdstudy.org/reports/ABCDscores-future/reference/compute_nt_p_yst__screen__wkdy_sum.html,nt_p_yst_0052,participant_id | session_id,52
Core,Novel Technologies,Screen Use,Youth,,,nt_y_stq,Screen Time Questionnaire [Youth],nt_y_stq__screen__wkdy_sum,Screen time [Youth] (weekday): Sum,,,,hours (h),summary score,double,ratio,,,,,,,,abcd_ssmty01,nt_y_st,,stq_y_ss_weekday,screentime_ss_weekday,,,https://data.abcdstudy.org/reports/abcd-docs-next/documentation/non_imaging/nt.html#nt_y_stq,,,,,https://data.abcdstudy.org/reports/ABCDscores-future/reference/compute_nt_y_stq__screen__wkdy_sum.html,nt_y_stq_0206,participant_id | session_id,206
Core,Novel Technologies,Screen Use,Youth,,,nt_y_stq,Screen Time Questionnaire [Youth],nt_y_stq__screen__wknd_sum,Screen time [Youth] (Weekend): Sum,,,,hours (h),summary score,double,ratio,,,,,,,,abcd_ssmty01,nt_y_st,,stq_y_ss_weekend,screentime_ss_weekend,,,https://data.abcdstudy.org/reports/abcd-docs-next/documentation/non_imaging/nt.html#nt_y_stq,,,,,https://data.abcdstudy.org/reports/ABCDscores-future/reference/compute_nt_y_stq__screen__wknd_sum.html,nt_y_stq_0208,participant_id | session_id,208
Core,Physical Health,Anthropometrics & Vitals,Youth,,,ph_y_anthr,Anthropometrics [Youth],ph_y_anthr__height_mean,Anthropometrics [Youth] (Height): Mean,,,,inches (in),summary score,double,ratio,,,,,,,,abcd_ant01,ph_y_anthro,,anthroheightcalc,anthro_height_calc,,,https://data.abcdstudy.org/reports/abcd-docs-next/documentation/non_imaging/ph.html#ph_y_anthr,https://data.abcdstudy.org/reports/abcd-docs-next/documentation/non_imaging/ph.html#use-ph_y_anthr,,,,https://data.abcdstudy.org/reports/ABCDscores-future/reference/compute_ph_y_anthr__height_mean.html,ph_y_anthr_0009,participant_id | session_id,9
Core,Physical Health,Anthropometrics & Vitals,Youth,,,ph_y_anthr,Anthropometrics [Youth],ph_y_anthr__weight_mean,Anthropometrics [Youth] (Weight): Mean,,,,pounds (lb),summary score,double,ratio,,,,,,,,abcd_ant01,ph_y_anthro,,anthroweightcalc,anthro_weight_calc,,,https://data.abcdstudy.org/reports/abcd-docs-next/documentation/non_imaging/ph.html#ph_y_anthr,https://data.abcdstudy.org/reports/abcd-docs-next/documentation/non_imaging/ph.html#use-ph_y_anthr,,,,https://data.abcdstudy.org/reports/ABCDscores-future/reference/compute_ph_y_anthr__weight_mean.html,ph_y_anthr_0018,participant_id | session_id,18
Core,Physical Health,Anthropometrics & Vitals,Youth,,,ph_y_anthr,Anthropometrics [Youth],ph_y_anthr__waist_001,Waist circumference,,Abdominal (Waist) Circumference,,inches (in),item,double,ratio,text (double),12,([sched_delay] != '9' OR [sched_hybrid] != '0'),,,,,abcd_ant01,ph_y_anthro,anthropometrics_modified_phenx_antyouth,anthro_waist_cm,,anthro_waist_cm,anthro_waist_cm,https://data.abcdstudy.org/reports/abcd-docs-next/documentation/non_imaging/ph.html#ph_y_anthr,,,,,,ph_y_anthr_0020,participant_id | session_id,20
Core,Substance Use,SU Attitude,Youth,,,su_y_itu,PATH Intention to Use [Youth],su_y_itu__alc_001,Have you ever been curious about drinking alcohol?,,These next questions ask about your plans regarding alcohol and other drug use.,,,item,character,nominal,radio,405 | 59,[tlfb_alc] ='1' and [tlfb_alc_sip]='0' | (([tlfb_alc_l] = '1' OR [tlfb_alc_c_l] = '1') AND [tlfb_alc_sip_c_l] != '1' AND ([tlfb_alc_sip_l] != '1') AND [event-name] = '2_year_follow_up_y_arm_1') OR (([tlfb_alc_sip_c_l] != '1' AND [tlfb_alc_sip_l] != '1') AND [event_num] >= 3) AND [event_num] < 8,,,,,abcd_ysu02 | abcd_ysua01,su_y_path_intuse,substance_use_interviewyouth | y_substance_use_attitudes_l,path_alc_youth2 | path_alc_youth2_l,su_intent_youth2 | su_intent_youth2_l,path_alc_youth2 | path_alc_youth2_l,path_alc_youth2 | path_alc_youth2_l,https://data.abcdstudy.org/reports/abcd-docs-next/documentation/non_imaging/su.html#su_y_itu,,,,,,su_y_itu_0004,participant_id | session_id,4
Core,Substance Use,SU Attitude,Youth,,,su_y_itu,PATH Intention to Use [Youth],su_y_itu__mj_001,Have you ever been curious about trying marijuana?,,These next questions ask about your plans regarding alcohol and other drug use.,,,item,character,nominal,radio,406 | 60,[tlfb_mj] = '1' and [tlfb_mj_puff]='0' and [tlfb_mj_conc_use]='0' and [tlfb_mj_drink_use]='0' and [tlfb_tincture_use]='0' or [tlfb_mj_synth_use]='0' | (([tlfb_mj_l] = '1' OR [tlfb_mj_c_l] = '1') AND ([tlfb_mj_puff_l] !='1' AND [tlfb_mj_conc_use_l]!='1' AND [tlfb_mj_drink_use_l]!='1' AND [tlfb_tincture_use_l]!='1' AND [tlfb_mj_puff_c_l]!='1' AND [tlfb_mj_conc_use_c_l]!='1' AND [tlfb_mj_drink_use_c_l]!='1' AND [tlfb_tincture_use_c_l]!='1' AND [event-name] ='2_year_follow_up_y_arm_1')) OR ([tlfb_mj_puff_l]!='1' AND [tlfb_mj_conc_use_l]!='1' AND [tlfb_mj_drink_use_l]!='1' AND [tlfb_tincture_use_l]!='1' AND [tlfb_mj_puff_c_l]!='1' AND [tlfb_mj_conc_use_c_l]!='1' AND [tlfb_mj_drink_use_c_l]!='1' AND [tlfb_tincture_use_c_l]!='1' AND [event_num] >= 3) AND [event_num] < 8,,,,,abcd_ysu02 | abcd_ysua01,su_y_path_intuse,substance_use_interviewyouth | y_substance_use_attitudes_l,path_alc_youth3 | path_alc_youth3_l,su_intent_youth3 | su_intent_youth3_l,path_alc_youth3 | path_alc_youth3_l,path_alc_youth3 | path_alc_youth3_l,https://data.abcdstudy.org/reports/abcd-docs-next/documentation/non_imaging/su.html#su_y_itu,,,,,,su_y_itu_0007,participant_id | session_id,7
Core,Substance Use,SU Attitude,Youth,,,su_y_itu,PATH Intention to Use [Youth],su_y_itu__nic_001,"Have you ever been curious about using a tobacco product such as cigarettes, e-cigarettes, hookah, or cigars?",,These next questions ask about your plans regarding alcohol and other drug use.,,,item,character,nominal,radio,404 | 56,[tlfb_tob_puff]='0' and [tlfb_chew_use]='0' and [tlfb_cigar_use]='0' and [tlfb_hookah_use]='0' and [tlfb_pipes_use]='0' and [tlfb_nicotine_use]='0' and [tlfb_tob] = '1' | ([tlfb_tob_l] = '1' OR [tlfb_tob_c_l] = '1') AND ([tlfb_tob_puff_l] !='1' AND [tlfb_chew_use_l] !='1' AND [tlfb_tob_puff_c_l] !='1' AND [tlfb_chew_use_c_l] !='1' AND [tlfb_ecig_use_l] != '1') AND [event-name] ='2_year_follow_up_y_arm_1' AND [event_num] < 8,,,,,abcd_ysu02 | abcd_ysua01,su_y_path_intuse,substance_use_interviewyouth | y_substance_use_attitudes_l,path_alc_youth1 | path_alc_youth1_l,su_intent_youth1 | su_intent_youth1_l,path_alc_youth1 | path_alc_youth1_l,path_alc_youth1 | path_alc_youth1_l,https://data.abcdstudy.org/reports/abcd-docs-next/documentation/non_imaging/su.html#su_y_itu,,,,,,su_y_itu_0010,participant_id | session_id,10
Core,ABCD (General),Standard Variables,General,,,ab_g_dyn,ABCD Dynamic Variables [General],ab_g_dyn__visit_dtt,Visit information: Date and time at the start of the event,,,,,administrative,timestamp,interval,,,,,,,,,,,,,,,https://data.abcdstudy.org/reports/abcd-docs-next/documentation/non_imaging/ab.html#ab_g_dyn,,,,,,ab_g_dyn_0001,participant_id | session_id,1
Core,ABCD (General),Standard Variables,General,,,ab_g_dyn,ABCD Dynamic Variables [General],ab_g_dyn__visit_age,Visit information: Youth's age at the start of the event,,,,years (yr),administrative,double,ratio,,,,,,,,,,,,,,,https://data.abcdstudy.org/reports/abcd-docs-next/documentation/non_imaging/ab.html#ab_g_dyn,,,,,,ab_g_dyn_0002,participant_id | session_id,2
Core,ABCD (General),Standard Variables,General,,,ab_g_dyn,ABCD Dynamic Variables [General],ab_g_dyn__visit_type,"Visit information: Type of visit (In-person, remote, hybrid)",,,,,administrative,character,nominal,,,,,,,,,abcd_y_lt,,visit_type,,,,https://data.abcdstudy.org/reports/abcd-docs-next/documentation/non_imaging/ab.html#ab_g_dyn,,,,,,ab_g_dyn_0003,participant_id | session_id,3
Core,ABCD (General),Standard Variables,General,,,ab_g_dyn,ABCD Dynamic Variables [General],ab_g_dyn__design_site,Design/nesting: Assessment site,,,,,administrative,character,nominal,,,,,,,,,,,site_id_l,,,,https://data.abcdstudy.org/reports/abcd-docs-next/documentation/non_imaging/ab.html#ab_g_dyn,,,,,,ab_g_dyn_0013,participant_id | session_id,13
Core,ABCD (General),Standard Variables,General,,,ab_g_dyn,ABCD Dynamic Variables [General],ab_g_dyn__cohort_edu__cgs,Cohort description: Highest education across caregivers,,,,,summary score,character,ordinal,,,,,,,,,,,,,,,https://data.abcdstudy.org/reports/abcd-docs-next/documentation/non_imaging/ab.html#ab_g_dyn,,,,,https://data.abcdstudy.org/reports/ABCDscores-future/reference/compute_ab_g_dyn__cohort_edu__cgs.html,ab_g_dyn_0021,participant_id | session_id,21
Core,ABCD (General),Standard Variables,General,,,ab_g_dyn,ABCD Dynamic Variables [General],ab_g_dyn__cohort_income__hhold__3lvl,Cohort description: Household income - 3 levels,,,,,summary score,character,ordinal,,,,,,,,,,,,,,,https://data.abcdstudy.org/reports/abcd-docs-next/documentation/non_imaging/ab.html#ab_g_dyn,https://data.abcdstudy.org/reports/abcd-docs-next/documentation/non_imaging/ab.html#use-cohort_income__hhold,https://data.abcdstudy.org/reports/abcd-docs-next/documentation/non_imaging/ab.html#data-cohort_income__hhold,,,https://data.abcdstudy.org/reports/ABCDscores-future/reference/compute_ab_g_dyn__cohort_income__hhold__3lvl.html,ab_g_dyn_0023,participant_id | session_id,23
Core,ABCD (General),Standard Variables,General,,,ab_g_dyn,ABCD Dynamic Variables [General],ab_g_dyn__cohort_income__hhold__6lvl,Cohort description: Household income - 6 levels,,,,,summary score,character,ordinal,,,,,,,,,,,,,,,https://data.abcdstudy.org/reports/abcd-docs-next/documentation/non_imaging/ab.html#ab_g_dyn,https://data.abcdstudy.org/reports/abcd-docs-next/documentation/non_imaging/ab.html#use-cohort_income__hhold,https://data.abcdstudy.org/reports/abcd-docs-next/documentation/non_imaging/ab.html#data-cohort_income__hhold,,,https://data.abcdstudy.org/reports/ABCDscores-future/reference/compute_ab_g_dyn__cohort_income__hhold__6lvl.html,ab_g_dyn_0024,participant_id | session_id,24
Core,ABCD (General),Standard Variables,General,,,ab_g_stc,ABCD Static Variables [General],ab_g_stc__design_id__fam,Design/nesting: Family ID - Participants belonging to the same family share a family ID (Derived based on caregiver information),,,Participants belonging to the same family share a family ID,,administrative,text,nominal,,,,,,,,acspsw03,gen_y_pihat,,rel_family_id,,,,https://data.abcdstudy.org/reports/abcd-docs-next/documentation/non_imaging/ab.html#ab_g_stc,,,,,,ab_g_stc_0001,participant_id,1
Core,ABCD (General),Standard Variables,General,,,ab_g_stc,ABCD Static Variables [General],ab_g_stc__cohort_ethn,Cohort description: Ethnicity (Hispanic or not Hispanic) [Based on baseline response; missingness filled in from longitudinal responses],,,Based on baseline response; missingness filled in from longitudinal responses,,summary score,character,nominal,,,,,,,,,,,,,,,https://data.abcdstudy.org/reports/abcd-docs-next/documentation/non_imaging/ab.html#ab_g_stc,https://data.abcdstudy.org/reports/abcd-docs-next/documentation/non_imaging/ab.html#use-race_ethnicity,,,,https://data.abcdstudy.org/reports/ABCDscores-future/reference/compute_ab_g_stc__cohort_ethn.html,ab_g_stc_0009,participant_id,9
Core,ABCD (General),Standard Variables,General,,,ab_g_stc,ABCD Static Variables [General],ab_g_stc__cohort_ethnrace__leg,Cohort description: Ethno-racial identity (Legacy ABCD variable reporting 6 levels; Hispanic ethnicity report outweighs any racial endorements) [Based on baseline response; missingness filled in from longitudinal responses],,,Hispanic ethnicity report outweighs any racial endorements). Based on baseline response; missingness filled in from longitudinal responses,,summary score,character,nominal,,,,,,,,acspsw03,abcd_p_demo,,race_ethnicity,,,,https://data.abcdstudy.org/reports/abcd-docs-next/documentation/non_imaging/ab.html#ab_g_stc,https://data.abcdstudy.org/reports/abcd-docs-next/documentation/non_imaging/ab.html#use-race_ethnicity,,,,https://data.abcdstudy.org/reports/ABCDscores-future/reference/compute_ab_g_stc__cohort_ethnrace__leg.html,ab_g_stc_0108,participant_id,108
Core,ABCD (General),Standard Variables,General,,,ab_g_stc,ABCD Static Variables [General],ab_g_stc__cohort_race__nih,Cohort description: Race (NIH classification reporting 7 levels) [Based on baseline response; missingness filled in from longitudinal responses],,,Based on baseline response; missingness filled in from longitudinal responses,,summary score,character,nominal,,,,,,,,,,,,,,,https://data.abcdstudy.org/reports/abcd-docs-next/documentation/non_imaging/ab.html#ab_g_stc,https://data.abcdstudy.org/reports/abcd-docs-next/documentation/non_imaging/ab.html#use-race_ethnicity,,,,https://data.abcdstudy.org/reports/ABCDscores-future/reference/compute_ab_g_stc__cohort_race__nih.html,ab_g_stc_0112,participant_id,112
Core,ABCD (General),Standard Variables,General,,,ab_g_stc,ABCD Static Variables [General],ab_g_stc__cohort_sex,Cohort description: Participant's sex,,,,,summary score,character,nominal,,,,,,,,,,,,,,,https://data.abcdstudy.org/reports/abcd-docs-next/documentation/non_imaging/ab.html#ab_g_stc,,,,,,ab_g_stc_0113,participant_id,113
Core,"Friends, Family, & Community",Family,Youth,,,fc_y_fes,Family Environment Scale [Youth],fc_y_fes__cohes_mean,Family Environment Scale [Youth] (Cohesion): Mean [Validation: No more than 1 missing or declined],,,,,summary score,double,interval,,,,,,,,,,,,,,,https://data.abcdstudy.org/reports/abcd-docs-next/documentation/non_imaging/fc.html#fc_y_fes,,,,,https://data.abcdstudy.org/reports/ABCDscores-future/reference/compute_fc_y_fes__cohes_mean.html,fc_y_fes_0022,participant_id | session_id,22
Core,"Friends, Family, & Community",Family,Youth,,,fc_y_fes,Family Environment Scale [Youth],fc_y_fes__confl_mean,Family Environment Scale [Youth] (Conflict): Mean [Validation: No more than 1 missing or declined],,,,,summary score,double,interval,,,,,,,,abcd_sscey01,ce_y_fes,,fes_y_ss_fc,fes_ss_fc,,,https://data.abcdstudy.org/reports/abcd-docs-next/documentation/non_imaging/fc.html#fc_y_fes,,,,,https://data.abcdstudy.org/reports/ABCDscores-future/reference/compute_fc_y_fes__confl_mean.html,fc_y_fes_0024,participant_id | session_id,24
Core,"Friends, Family, & Community",Community,Youth,,,fc_y_nsc,Neighborhood Safety & Crime [Youth],fc_y_nsc__ns_003,My neighborhood is safe from crime. [Youth],,"The following question is about your neighborhood. Your neighborhood is the area within about a 20-minute walk (or about a mile) from your home. For each statement indicate whether you strongly agree, agree, neither agree nor disagree, disagree or strongly disagree.",,,item,character,ordinal,radio,1,,,,,,abcd_nsc01,ce_y_nsc,neighborhood_safety_crimemodified_phenx_nscyouth,neighborhood_crime_y,neighb_phenx,neighborhood_crime_y,neighborhood_crime_y,https://data.abcdstudy.org/reports/abcd-docs-next/documentation/non_imaging/fc.html#fc_y_nsc,,,,,,fc_y_nsc_0004,participant_id | session_id,4
Core,"Friends, Family, & Community",Parenting,Youth,,,fc_y_pm,Parental Monitoring [Youth],fc_y_pm_mean,Parental Monitoring [Youth]: Mean [Validation: No more than 1 missing or declined],,,,,summary score,double,interval,,,,,,,,abcd_sscey01,ce_y_pm,,pmq_y_ss_mean,parental_monitoring_ss_mean,,,https://data.abcdstudy.org/reports/abcd-docs-next/documentation/non_imaging/fc.html#fc_y_pm,,,,,https://data.abcdstudy.org/reports/ABCDscores-future/reference/compute_fc_y_pm_mean.html,fc_y_pm_0028,participant_id | session_id,28
Core,Mental Health,Broad Psychopathology,Parent,,,mh_p_cbcl,Child Behavior Checklist [Parent],mh_p_cbcl__synd__ext_sum,"Child Behavior Checklist [Parent] (Syndrome Scale - Externalizing): Sum
[Validation: No more than 2 missing or declined]",,,,,summary score,integer,interval,,,,,,,,abcd_cbcls01,mh_p_cbcl,,cbcl_scr_syn_external_r,,,,https://data.abcdstudy.org/reports/abcd-docs-next/documentation/non_imaging/mh.html#mh_p_cbcl,,,,,https://data.abcdstudy.org/reports/ABCDscores-future/reference/compute_mh_p_cbcl__synd__ext_sum.html,mh_p_cbcl_0160,participant_id | session_id,160
Core,Mental Health,Broad Psychopathology,Parent,,,mh_p_cbcl,Child Behavior Checklist [Parent],mh_p_cbcl__synd__int_sum,"Child Behavior Checklist [Parent] (Syndrome Scale - Internalizing): Sum
[Validation: No more than 2 missing or declined]",,,,,summary score,integer,interval,,,,,,,,abcd_cbcls01,mh_p_cbcl,,cbcl_scr_syn_internal_r,,,,https://data.abcdstudy.org/reports/abcd-docs-next/documentation/non_imaging/mh.html#mh_p_cbcl,,,,,https://data.abcdstudy.org/reports/ABCDscores-future/reference/compute_mh_p_cbcl__synd__int_sum.html,mh_p_cbcl_0163,participant_id | session_id,163
Core,Mental Health,Temperament/Personality,Youth,,,mh_y_bisbas,The Behavioral Inhibition System/Behavioral Activation System Scales [Youth],mh_y_bisbas__bas__dr_sum,"The Behavioral Inhibition System/Behavioral Activation System Scales [Youth] (BAS - Drive): Sum
[Validation: No more than 0 missing or declined]",,,,,summary score,integer,interval,,,,,,,,abcd_mhy02,mh_y_bisbas,,bis_y_ss_bas_drive,bisbas_ss_bas_drive,,,https://data.abcdstudy.org/reports/abcd-docs-next/documentation/non_imaging/mh.html#mh_y_bisbas,,,,,https://data.abcdstudy.org/reports/ABCDscores-future/reference/compute_mh_y_bisbas__bas__dr_sum.html,mh_y_bisbas_0026,participant_id | session_id,26
Core,Mental Health,Temperament/Personality,Youth,,,mh_y_bisbas,The Behavioral Inhibition System/Behavioral Activation System Scales [Youth],mh_y_bisbas__bas__fs_sum,"The Behavioral Inhibition System/Behavioral Activation System Scales [Youth] (BAS - Fun Seeking): Sum
[Validation: No more than 0 missing or declined]",,,,,summary score,integer,interval,,,,,,,,abcd_mhy02,mh_y_bisbas,,bis_y_ss_bas_fs,bisbas_ss_bas_fs,,,https://data.abcdstudy.org/reports/abcd-docs-next/documentation/non_imaging/mh.html#mh_y_bisbas,,,,,https://data.abcdstudy.org/reports/ABCDscores-future/reference/compute_mh_y_bisbas__bas__fs_sum.html,mh_y_bisbas_0028,participant_id | session_id,28
Core,Mental Health,Temperament/Personality,Youth,,,mh_y_bisbas,The Behavioral Inhibition System/Behavioral Activation System Scales [Youth],mh_y_bisbas__bas__rr_sum,"The Behavioral Inhibition System/Behavioral Activation System Scales [Youth] (BAS - Reward Responsiveness): Sum
[Validation: No more than 0 missing or declined]",,,,,summary score,integer,interval,,,,,,,,abcd_mhy02,mh_y_bisbas,,bis_y_ss_bas_rr,bisbas_ss_bas_rr,,,https://data.abcdstudy.org/reports/abcd-docs-next/documentation/non_imaging/mh.html#mh_y_bisbas,,,,,https://data.abcdstudy.org/reports/ABCDscores-future/reference/compute_mh_y_bisbas__bas__rr_sum.html,mh_y_bisbas_0031,participant_id | session_id,31
Core,Mental Health,Temperament/Personality,Youth,,,mh_y_bisbas,The Behavioral Inhibition System/Behavioral Activation System Scales [Youth],mh_y_bisbas__bis_sum,"The Behavioral Inhibition System/Behavioral Activation System Scales [Youth] (BIS): Sum
[Validation: No more than 0 missing or declined]",,,,,summary score,integer,interval,,,,,,,,abcd_mhy02,mh_y_bisbas,,bis_y_ss_bis_sum,bisbas_ss_bis_sum,,,https://data.abcdstudy.org/reports/abcd-docs-next/documentation/non_imaging/mh.html#mh_y_bisbas,,,,,https://data.abcdstudy.org/reports/ABCDscores-future/reference/compute_mh_y_bisbas__bis_sum.html,mh_y_bisbas_0035,participant_id | session_id,35
Core,Mental Health,Temperament/Personality,Youth,,,mh_y_upps,"Urgency, Premeditation, Perseverance, Sensation Seeking, Positive Urgency, Impulsive Behavior Scale (Short Version) [Youth]",mh_y_upps__nurg_sum,"Urgency, Premeditation, Perseverance, Sensation Seeking, Positive Urgency, Impulsive Behavior Scale (Short Version) [Youth] (Negative Urgency): Sum
[Validation: No more than 0 missing or declined]",,,,,summary score,integer,ratio,,,,,,,,abcd_mhy02,mh_y_upps,,upps_y_ss_negative_urgency,upps_ss_negative_urgency,,,https://data.abcdstudy.org/reports/abcd-docs-next/documentation/non_imaging/mh.html#mh_y_upps,,,,,https://data.abcdstudy.org/reports/ABCDscores-future/reference/compute_mh_y_upps__nurg_sum.html,mh_y_upps_0025,participant_id | session_id,25
Core,Mental Health,Temperament/Personality,Youth,,,mh_y_upps,"Urgency, Premeditation, Perseverance, Sensation Seeking, Positive Urgency, Impulsive Behavior Scale (Short Version) [Youth]",mh_y_upps__pers_sum,"Urgency, Premeditation, Perseverance, Sensation Seeking, Positive Urgency, Impulsive Behavior Scale (Short Version) [Youth] (Lack of Perseverance (GSSF)): Sum
[Validation: No more than 0 missing or declined]",,,,,summary score,integer,ratio,,,,,,,,abcd_mhy02,mh_y_upps,,upps_y_ss_lack_of_perseverance,upps_ss_lack_of_perseverance,,,https://data.abcdstudy.org/reports/abcd-docs-next/documentation/non_imaging/mh.html#mh_y_upps,,,,,https://data.abcdstudy.org/reports/ABCDscores-future/reference/compute_mh_y_upps__pers_sum.html,mh_y_upps_0027,participant_id | session_id,27
Core,Mental Health,Temperament/Personality,Youth,,,mh_y_upps,"Urgency, Premeditation, Perseverance, Sensation Seeking, Positive Urgency, Impulsive Behavior Scale (Short Version) [Youth]",mh_y_upps__plan_sum,"Urgency, Premeditation, Perseverance, Sensation Seeking, Positive Urgency, Impulsive Behavior Scale (Short Version) [Youth] (Lack of Planning): Sum
[Validation: No more than 0 missing or declined]",,,,,summary score,integer,ratio,,,,,,,,abcd_mhy02,mh_y_upps,,upps_y_ss_lack_of_planning,upps_ss_lack_of_planning,,,https://data.abcdstudy.org/reports/abcd-docs-next/documentation/non_imaging/mh.html#mh_y_upps,,,,,https://data.abcdstudy.org/reports/ABCDscores-future/reference/compute_mh_y_upps__plan_sum.html,mh_y_upps_0029,participant_id | session_id,29
Core,Mental Health,Temperament/Personality,Youth,,,mh_y_upps,"Urgency, Premeditation, Perseverance, Sensation Seeking, Positive Urgency, Impulsive Behavior Scale (Short Version) [Youth]",mh_y_upps__purg_sum,"Urgency, Premeditation, Perseverance, Sensation Seeking, Positive Urgency, Impulsive Behavior Scale (Short Version) [Youth] (Positive Urgency): Sum
[Validation: No more than 0 missing or declined]",,,,,summary score,integer,ratio,,,,,,,,abcd_mhy02,mh_y_upps,,upps_y_ss_positive_urgency,upps_ss_positive_urgency,,,https://data.abcdstudy.org/reports/abcd-docs-next/documentation/non_imaging/mh.html#mh_y_upps,,,,,https://data.abcdstudy.org/reports/ABCDscores-future/reference/compute_mh_y_upps__purg_sum.html,mh_y_upps_0031,participant_id | session_id,31
Core,Mental Health,Temperament/Personality,Youth,,,mh_y_upps,"Urgency, Premeditation, Perseverance, Sensation Seeking, Positive Urgency, Impulsive Behavior Scale (Short Version) [Youth]",mh_y_upps__sens_sum,"Urgency, Premeditation, Perseverance, Sensation Seeking, Positive Urgency, Impulsive Behavior Scale (Short Version) [Youth] (Sensation Seeking): Sum
[Validation: No more than 0 missing or declined]",,,,,summary score,integer,ratio,,,,,,,,abcd_mhy02,mh_y_upps,,upps_y_ss_sensation_seeking,upps_ss_sensation_seeking,,,https://data.abcdstudy.org/reports/abcd-docs-next/documentation/non_imaging/mh.html#mh_y_upps,,,,,https://data.abcdstudy.org/reports/ABCDscores-future/reference/compute_mh_y_upps__sens_sum.html,mh_y_upps_0033,participant_id | session_id,33
Core,Imaging,Structural MRI,Youth,Cortical Thickness,Desikan,mr_y_smri__thk__dsk,sMRI - Cortical Thickness (Desikan) [Youth],mr_y_smri__thk__dsk_mean,Average cortical thickness in Desikan ROI: All,,,,millimeters (mm),summary score,double,ratio,,,,,,,,abcd_smrip102,mri_y_smr_thk_dsk,,smri_thick_cdk_mean,smri_thick_cort.desikan_mean,,,https://data.abcdstudy.org/reports/abcd-docs-next/documentation/imaging/type_smri.html,,,,,,mr_y_smri_thk_dsk_0071,participant_id | session_id,71
Core,Imaging,Structural MRI,Youth,Volume,Desikan,mr_y_smri__vol__dsk,sMRI - Volume (Desikan) [Youth],mr_y_smri__vol__dsk__lh_sum,Total volume of Desikan ROI: All (Left hemisphere),,,,cubic millimeters (mm_),summary score,double,interval,,,,,,,,abcd_smrip102,mri_y_smr_vol_dsk,,smri_vol_cdk_totallh,smri_vol_cort.desikan_total.lh,,,https://data.abcdstudy.org/reports/abcd-docs-next/documentation/imaging/type_smri.html,,,,,,mr_y_smri_vol_dsk_0069,participant_id | session_id,69
Core,Imaging,Structural MRI,Youth,Volume,Desikan,mr_y_smri__vol__dsk,sMRI - Volume (Desikan) [Youth],mr_y_smri__vol__dsk__rh_sum,Total volume of Desikan ROI: All (Right hemisphere),,,,cubic millimeters (mm_),summary score,double,interval,,,,,,,,abcd_smrip102,mri_y_smr_vol_dsk,,smri_vol_cdk_totalrh,smri_vol_cort.desikan_total.rh,,,https://data.abcdstudy.org/reports/abcd-docs-next/documentation/imaging/type_smri.html,,,,,,mr_y_smri_vol_dsk_0070,participant_id | session_id,70
Core,Imaging,Structural MRI,Youth,Volume,Desikan,mr_y_smri__vol__dsk,sMRI - Volume (Desikan) [Youth],mr_y_smri__vol__dsk_sum,Total volume of Desikan ROI: All,,,,cubic millimeters (mm_),summary score,double,interval,,,,,,,,abcd_smrip102,mri_y_smr_vol_dsk,,smri_vol_cdk_total,smri_vol_cort.desikan_total,,,https://data.abcdstudy.org/reports/abcd-docs-next/documentation/imaging/type_smri.html,,,,,,mr_y_smri_vol_dsk_0071,participant_id | session_id,71
Core,Neurocognition,Task,Youth,,,nc_y_nihtb,NIH Toolbox [Youth],nc_y_nihtb__pttcp__agecor_score,Pattern Comparison Processing Speed Task (NIH Toolbox): Age-Corrected Standard Score,,,,,summary score,double,interval,,,,,,,,abcd_tbss01,nc_y_nihtb,,nihtbx_pattern_agecorrected,,,,https://data.abcdstudy.org/reports/abcd-docs-next/documentation/non_imaging/nc.html#nc_y_nihtb,,,,,,nc_y_nihtb_0118,participant_id | session_id,118